country,updated,cases,todayCases,deaths,todayDeaths,recovered,todayRecovered,active,critical,casesPerOneMillion,deathsPerOneMillion,tests,testsPerOneMillion,population,continent,oneCasePerPeople,oneDeathPerPeople,oneTestPerPeople,activePerOneMillion,recoveredPerOneMillion,criticalPerOneMillion,countryInfo._id,countryInfo.iso2,countryInfo.iso3,countryInfo.lat,countryInfo.long,countryInfo.flag
Afghanistan,1773279069275,234174,0,7996,0,211080,0,15098,0,5746,196,1390730,34125,40754388,Asia,174,5097,29,370.46,5179.32,0,4,AF,AFG,33,65,https://disease.sh/assets/img/flags/af.png
Albania,1773279069267,334863,0,3605,0,330233,0,1025,0,116825,1258,1941032,677173,2866374,Europe,9,795,1,357.59,115209.32,0,8,AL,ALB,41,20,https://disease.sh/assets/img/flags/al.png
Algeria,1773279069270,272010,0,6881,0,183061,0,82068,0,5998,152,230960,5093,45350148,Africa,167,6591,196,1809.65,4036.61,0,12,DZ,DZA,28,3,https://disease.sh/assets/img/flags/dz.png
Andorra,1773279069321,48015,0,165,0,0,0,47850,0,619844,2130,249838,3225256,77463,Europe,2,469,0,617714.26,0,0,20,AD,AND,42.5,1.6,https://disease.sh/assets/img/flags/ad.png
Angola,1773279069301,107327,0,1937,0,103419,0,1971,0,3064,55,1499795,42818,35027343,Africa,326,18083,23,56.27,2952.52,0,24,AO,AGO,-12.5,18.5,https://disease.sh/assets/img/flags/ao.png
Anguilla,1773279069394,3904,0,12,0,0,0,3892,0,256336,788,51382,3373736,15230,North America,4,1269,0,255548.26,0,0,660,AI,AIA,18.25,-63.1667,https://disease.sh/assets/img/flags/ai.png
Antigua and Barbuda,1773279069380,9106,0,146,0,8954,0,6,0,91509,1467,18901,189943,99509,North America,11,682,5,60.3,89981.81,0,28,AG,ATG,17.05,-61.8,https://disease.sh/assets/img/flags/ag.png
Argentina,1773279069165,10128845,0,130841,0,9997258,0,746,0,220143,2844,35716069,776264,46010234,South America,5,352,1,16.21,217283.35,0,32,AR,ARG,-34,-64,https://disease.sh/assets/img/flags/ar.png
Armenia,1773279069257,451831,0,8777,0,435162,0,7892,0,152031,2953,3242901,1091164,2971966,Asia,7,339,1,2655.48,146422.27,0,51,AM,ARM,40,45,https://disease.sh/assets/img/flags/am.png
Aruba,1773279069324,44224,0,292,0,42438,0,1494,2,410969,2714,177885,1653068,107609,North America,2,369,1,13883.6,394372.22,18.59,533,AW,ABW,12.5,-69.9667,https://disease.sh/assets/img/flags/aw.png
Australia,1773279069161,11853144,0,24414,0,11820014,0,8716,3,454687,937,81916639,3142326,26068792,Australia-Oceania,2,1068,0,334.35,453416.25,0.12,36,AU,AUS,-27,133,https://disease.sh/assets/img/flags/au.png
Austria,1773279069177,6081287,0,22542,0,6054934,0,3811,0,670727,2486,211273524,23302116,9066710,Europe,1,402,0,420.33,667820.41,0,40,AT,AUT,47.3333,13.3333,https://disease.sh/assets/img/flags/at.png
Azerbaijan,1773279069240,835234,0,10400,0,824089,0,745,0,81089,1010,7748050,752223,10300205,Asia,12,990,1,72.33,80007.05,0,31,AZ,AZE,40.5,47.5,https://disease.sh/assets/img/flags/az.png
Bahamas,1773279069329,38084,0,844,0,36366,0,874,1,95087,2107,257839,643767,400516,North America,11,475,2,2182.18,90797.87,2.5,44,BS,BHS,24.25,-76,https://disease.sh/assets/img/flags/bs.png
Bahrain,1773279069241,729549,0,1574,0,727915,0,60,0,408944,882,10948549,6137138,1783983,Asia,2,1133,0,33.63,408027.99,0,48,BH,BHR,26,50.55,https://disease.sh/assets/img/flags/bh.png
Bangladesh,1773279069209,2049377,0,29493,0,0,0,2019884,0,12207,176,15254399,90862,167885689,Asia,82,5692,11,12031.31,0,0,50,BD,BGD,24,90,https://disease.sh/assets/img/flags/bd.png
Barbados,1773279069300,110578,0,648,0,108647,0,1283,0,383921,2250,814159,2826715,288023,North America,3,444,0,4454.51,377216.4,0,52,BB,BRB,13.1667,-59.5333,https://disease.sh/assets/img/flags/bb.png
Belarus,1773279069236,994037,0,7118,0,985592,0,1327,0,105381,755,13646641,1446722,9432800,Europe,9,1325,1,140.68,104485.62,0,112,BY,BLR,53,28,https://disease.sh/assets/img/flags/by.png
Belgium,1773279069187,4861695,0,34376,0,4826798,50,521,0,416659,2946,37454182,3209915,11668278,Europe,2,339,0,44.65,413668.41,0,56,BE,BEL,50.8333,4,https://disease.sh/assets/img/flags/be.png
Belize,1773279069312,71409,0,688,0,0,0,70721,0,173243,1669,576016,1397453,412190,North America,6,599,1,171573.79,0,0,84,BZ,BLZ,17.25,-88.75,https://disease.sh/assets/img/flags/bz.png
Benin,1773279069338,28036,0,163,0,27847,0,26,0,2193,13,604310,47268,12784726,Africa,456,78434,21,2.03,2178.15,0,204,BJ,BEN,9.5,2.25,https://disease.sh/assets/img/flags/bj.png
Bermuda,1773279069350,18860,0,165,0,18685,0,10,0,304493,2664,1029558,16622128,61939,North America,3,375,0,161.45,301667.77,0,60,BM,BMU,32.3333,-64.75,https://disease.sh/assets/img/flags/bm.png
Bhutan,1773279069317,62697,0,21,0,61564,0,1112,0,79571,27,2303734,2923739,787941,Asia,13,37521,0,1411.27,78132.75,0,64,BT,BTN,27.5,90.5,https://disease.sh/assets/img/flags/bt.png
Bolivia,1773279069228,1212131,0,22407,0,1177145,0,12579,220,101073,1868,2710261,225993,11992656,South America,10,535,4,1048.89,98155.49,18.34,68,BO,BOL,-17,-65,https://disease.sh/assets/img/flags/bo.png
Bosnia,1773279069259,403615,0,16388,0,379084,0,8143,0,124215,5044,1884721,580036,3249317,Europe,8,198,2,2506.07,116665.75,0,70,BA,BIH,44,18,https://disease.sh/assets/img/flags/ba.png
Botswana,1773279069268,330638,0,2801,0,327049,0,788,1,135443,1147,2026898,830300,2441162,Africa,7,872,1,322.8,133972.67,0.41,72,BW,BWA,-22,24,https://disease.sh/assets/img/flags/bw.png
Brazil,1773279069149,38743918,0,711380,0,36249161,0,1783377,0,179908,3303,63776166,296146,215353593,South America,6,303,3,8281.16,168323.92,0,76,BR,BRA,-10,-55,https://disease.sh/assets/img/flags/br.png
British Virgin Islands,1773279069384,7392,0,64,0,0,0,7328,0,241600,2092,107339,3508269,30596,North America,4,478,0,239508.43,0,0,92,VG,VGB,18.5,-64.5,https://disease.sh/assets/img/flags/vg.png
Brunei,1773279069266,343719,0,225,0,243601,0,99893,3,771655,505,717784,1611437,445431,Asia,1,1980,1,224261.45,546888.29,6.74,96,BN,BRN,4.5,114.6667,https://disease.sh/assets/img/flags/bn.png
Bulgaria,1773279069222,1339851,0,38748,0,1292944,0,8159,22,195753,5661,11671043,1705147,6844597,Europe,5,177,1,1192.04,188899.95,3.21,100,BG,BGR,43,25,https://disease.sh/assets/img/flags/bg.png
Burkina Faso,1773279069347,22114,0,400,0,21596,0,118,0,1001,18,248995,11265,22102838,Africa,999,55257,89,5.34,977.07,0,854,BF,BFA,13,-2,https://disease.sh/assets/img/flags/bf.png
Burundi,1773279069318,54721,0,38,0,53569,0,1114,0,4334,3,345742,27386,12624840,Africa,231,332233,37,88.24,4243.14,0,108,BI,BDI,-3.5,30,https://disease.sh/assets/img/flags/bi.png
Cabo Verde,1773279069314,64477,0,417,0,63755,0,305,23,113580,735,401622,707482,567678,Africa,9,1361,1,537.28,112308.39,40.52,132,CV,CPV,16,-24,https://disease.sh/assets/img/flags/cv.png
Cambodia,1773279069293,139103,0,3056,0,136044,0,3,0,8102,178,3091420,180062,17168639,Asia,123,5618,6,0.17,7923.98,0,116,KH,KHM,13,105,https://disease.sh/assets/img/flags/kh.png
Cameroon,1773279069295,125379,0,1974,0,123280,0,125,0,4492,71,1751774,62762,27911548,Africa,223,14140,16,4.48,4416.81,0,120,CM,CMR,6,12,https://disease.sh/assets/img/flags/cm.png
Canada,1773279069186,4946090,0,59034,0,4881312,350,5744,99,128843,1538,66572774,1734189,38388419,North America,8,650,1,149.63,127155.85,2.58,124,CA,CAN,60,-95,https://disease.sh/assets/img/flags/ca.png
Caribbean Netherlands,1773279069372,11682,0,38,0,10476,0,1168,0,438398,1426,30126,1130559,26647,North America,2,701,1,43832.33,393139.94,0,535,BQ,BES,12.2,-68.26,https://disease.sh/assets/img/flags/bq.png
Cayman Islands,1773279069335,31472,0,37,0,8553,0,22882,1,467797,550,222773,3311280,67277,North America,2,1818,0,340116.24,127131.11,14.86,136,KY,CYM,19.5,-80.5,https://disease.sh/assets/img/flags/ky.png
Central African Republic,1773279069365,15440,0,113,0,15200,0,127,2,3078,23,81294,16205,5016678,Africa,325,44395,62,25.32,3029.89,0.4,140,CF,CAF,7,21,https://disease.sh/assets/img/flags/cf.png
Chad,1773279069383,7701,0,194,0,4874,0,2633,0,442,11,191341,10988,17413580,Africa,2261,89761,91,151.2,279.9,0,148,TD,TCD,15,19,https://disease.sh/assets/img/flags/td.png
Channel Islands,1773279069302,101717,0,228,0,101321,0,168,0,576421,1292,1252808,7099551,176463,Europe,2,774,0,952.04,574177.02,0,832,JE,JEY,49.21,-2.13,https://disease.sh/assets/img/flags/je.png
Chile,1773279069183,5384853,0,64497,0,5252450,0,67906,7,279730,3350,50382097,2617225,19250195,South America,4,298,0,3527.55,272851.78,0.36,152,CL,CHL,-30,-71,https://disease.sh/assets/img/flags/cl.png
China,1773279069410,503302,0,5272,0,379053,0,118977,0,347,4,160000000,110461,1448471400,Asia,2878,274748,9,82.14,261.69,0,156,CN,CHN,35,105,https://disease.sh/assets/img/flags/cn.png
Colombia,1773279069175,6400173,0,143200,0,6212152,0,44821,342,124244,2780,36951507,717327,51512762,South America,8,360,1,870.1,120594.43,6.64,170,CO,COL,4,-72,https://disease.sh/assets/img/flags/co.png
Comoros,1773279069379,9109,0,161,0,8939,0,9,0,10038,177,0,0,907419,Africa,100,5636,0,9.92,9851.02,0,174,KM,COM,-12.1667,44.25,https://disease.sh/assets/img/flags/km.png
Congo,1773279069345,25375,0,386,0,24006,0,983,0,4377,67,347815,59991,5797805,Africa,228,15020,17,169.55,4140.53,0,178,CG,COG,-1,15,https://disease.sh/assets/img/flags/cg.png
Cook Islands,1773279069386,7203,0,2,0,7150,0,51,0,409937,114,19690,1120596,17571,Australia-Oceania,2,8786,1,2902.51,406920.49,0,184,CK,COK,-21.2333,-159.7667,https://disease.sh/assets/img/flags/ck.png
Costa Rica,1773279069227,1238883,0,9428,0,0,0,1229455,0,239058,1819,4659757,899158,5182354,North America,4,550,1,237238.71,0,0,188,CR,CRI,10,-84,https://disease.sh/assets/img/flags/cr.png
Croatia,1773279069223,1309728,0,18687,0,1258432,0,32609,0,322650,4604,5660084,1394355,4059286,Europe,3,217,1,8033.19,310013.14,0,191,HR,HRV,45.1667,15.5,https://disease.sh/assets/img/flags/hr.png
Cuba,1773279069230,1115251,0,8530,0,1106660,0,61,0,98645,754,14402674,1273936,11305652,North America,10,1325,1,5.4,97885.55,0,192,CU,CUB,21.5,-80,https://disease.sh/assets/img/flags/cu.png
Curaçao,1773279069323,45986,0,295,0,44720,0,971,3,277812,1782,496693,3000640,165529,North America,4,561,0,5866.04,270164.14,18.12,531,CW,CUW,12.15,-68.97,https://disease.sh/assets/img/flags/cw.png
Cyprus,1773279069242,681110,0,1365,0,679745,0,0,0,556741,1116,9640118,7879860,1223387,Asia,2,896,0,0,555625.49,0,196,CY,CYP,35,33,https://disease.sh/assets/img/flags/cy.png
Czechia,1773279069191,4759041,0,43517,0,4715206,0,318,2,443246,4053,57834241,5386552,10736784,Europe,2,247,0,29.62,439163.72,0.19,203,CZ,CZE,49.75,15.5,https://disease.sh/assets/img/flags/cz.png
Côte d'Ivoire,1773279069306,88384,0,835,0,87497,0,52,0,3186,30,1690934,60951,27742298,Africa,314,33224,16,1.87,3153.92,0,384,CI,CIV,8,-5,https://disease.sh/assets/img/flags/ci.png
DRC,1773279069302,99338,0,1468,0,84489,0,13381,0,1043,15,846704,8890,95240792,Africa,959,64878,112,140.5,887.11,0,180,CD,COD,0,25,https://disease.sh/assets/img/flags/cd.png
Denmark,1773279069199,3183756,0,8814,0,3174942,0,0,0,545636,1511,129333107,22165247,5834950,Europe,2,662,0,0,544124.97,0,208,DK,DNK,56,10,https://disease.sh/assets/img/flags/dk.png
Diamond Princess,1773279069404,712,0,13,0,699,0,0,0,0,0,0,0,0,,0,0,0,0,0,0,,,,0,0,https://disease.sh/assets/img/flags/unknown.png
Djibouti,1773279069362,15690,0,189,0,15427,0,74,0,15441,186,305941,301094,1016097,Africa,65,5376,3,72.83,15182.61,0,262,DJ,DJI,11.5,43,https://disease.sh/assets/img/flags/dj.png
Dominica,1773279069361,16038,0,74,0,15964,0,0,0,221691,1023,229344,3170187,72344,North America,5,978,0,0,220667.92,0,212,DM,DMA,15.4167,-61.3333,https://disease.sh/assets/img/flags/dm.png
Dominican Republic,1773279069243,675890,0,4384,0,671316,0,190,4,61131,397,3740928,338350,11056370,North America,16,2522,3,17.18,60717.58,0.36,214,DO,DOM,19,-70.6667,https://disease.sh/assets/img/flags/do.png
Ecuador,1773279069231,1070188,0,36043,0,1034145,0,0,0,59083,1990,3082403,170173,18113361,South America,17,503,6,0,57092.94,0,218,EC,ECU,-2,-77.5,https://disease.sh/assets/img/flags/ec.png
Egypt,1773279069250,516023,0,24613,0,442182,0,49228,122,4861,232,3693367,34792,106156692,Africa,206,4313,29,463.73,4165.37,1.15,818,EG,EGY,27,30,https://disease.sh/assets/img/flags/eg.png
El Salvador,1773279069283,201855,0,4230,0,179410,0,18215,0,30816,646,2610114,398467,6550389,North America,32,1549,3,2780.75,27389.21,0,222,SV,SLV,13.8333,-88.9167,https://disease.sh/assets/img/flags/sv.png
Equatorial Guinea,1773279069355,17229,0,183,0,16907,0,139,5,11512,122,365697,244342,1496662,Africa,87,8178,4,92.87,11296.47,3.34,226,GQ,GNQ,2,10,https://disease.sh/assets/img/flags/gq.png
Eritrea,1773279069374,10189,0,103,0,10086,0,0,0,2782,28,23693,6470,3662244,Africa,359,35556,155,0,2754.05,0,232,ER,ERI,15,39,https://disease.sh/assets/img/flags/er.png
Estonia,1773279069247,628070,0,3001,0,0,0,625069,0,475123,2270,6968103,5271239,1321910,Europe,2,440,0,472852.92,0,0,233,EE,EST,59,26,https://disease.sh/assets/img/flags/ee.png
Ethiopia,1773279069254,501157,0,7574,0,488171,0,5412,0,4148,63,5565340,46066,120812698,Africa,241,15951,22,44.8,4040.73,0,231,ET,ETH,8,38,https://disease.sh/assets/img/flags/et.png
Falkland Islands (Malvinas),1773279069400,1930,0,0,0,1930,0,0,0,545352,0,8632,2439107,3539,South America,2,0,0,0,545351.79,0,238,FK,FLK,-51.75,-59,https://disease.sh/assets/img/flags/fk.png
Faroe Islands,1773279069333,34658,0,28,0,0,0,34630,0,703959,569,778000,15802409,49233,Europe,1,1758,0,703390,0,0,234,FO,FRO,62,-7,https://disease.sh/assets/img/flags/fo.png
Fiji,1773279069312,69117,0,885,0,67226,0,1006,0,75997,973,672883,739866,909466,Australia-Oceania,13,1028,1,1106.14,73918.1,0,242,FJ,FJI,-18,175,https://disease.sh/assets/img/flags/fj.png
Finland,1773279069216,1516117,0,11958,0,1503989,14,170,0,272930,2153,12108977,2179850,5554960,Europe,4,465,0,30.6,270747.04,0,246,FI,FIN,64,26,https://disease.sh/assets/img/flags/fi.png
France,1773279069145,40138560,0,167642,0,39970918,0,0,0,612013,2556,271490188,4139547,65584518,Europe,2,391,0,0,609456.61,0,250,FR,FRA,46,2,https://disease.sh/assets/img/flags/fr.png
French Guiana,1773279069303,98041,0,420,0,11254,0,86367,6,312065,1337,651257,2072951,314169,South America,3,748,0,274906.18,35821.48,19.1,254,GF,GUF,4,-53,https://disease.sh/assets/img/flags/gf.png
French Polynesia,1773279069309,79254,0,650,0,0,0,78604,0,278902,2287,0,0,284164,Australia-Oceania,4,437,0,276614.91,0,0,258,PF,PYF,-15,-140,https://disease.sh/assets/img/flags/pf.png
Gabon,1773279069320,49051,0,307,0,48674,0,70,0,21038,132,1621909,695641,2331533,Africa,48,7595,1,30.02,20876.39,0,266,GA,GAB,-1,11.75,https://disease.sh/assets/img/flags/ga.png
Gambia,1773279069366,12626,0,372,0,12189,0,65,0,4935,145,155686,60851,2558482,Africa,203,6878,16,25.41,4764.15,0,270,GM,GMB,13.4667,-16.5667,https://disease.sh/assets/img/flags/gm.png
Georgia,1773279069211,1861665,0,17132,0,0,0,1844533,0,469082,4317,16920079,4263340,3968738,Asia,2,232,0,464765.63,0,0,268,GE,GEO,42,43.5,https://disease.sh/assets/img/flags/ge.png
Germany,1773279069147,38828995,0,183027,0,38240600,0,405368,0,462891,2182,122332384,1458359,83883596,Europe,2,458,1,4832.51,455876.98,0,276,DE,DEU,51,9,https://disease.sh/assets/img/flags/de.png
Ghana,1773279069290,171889,0,1462,0,170425,0,2,0,5306,45,2541625,78456,32395450,Africa,188,22158,13,0.06,5260.77,0,288,GH,GHA,8,-2,https://disease.sh/assets/img/flags/gh.png
Gibraltar,1773279069349,20550,0,113,0,0,0,20437,0,609720,3353,534283,15852213,33704,Europe,2,298,0,606367.2,0,0,292,GI,GIB,36.1833,-5.3667,https://disease.sh/assets/img/flags/gi.png
Greece,1773279069176,6101379,0,37869,0,0,0,6063510,0,591412,3671,102228365,9909078,10316637,Europe,2,272,0,587740.95,0,0,300,GR,GRC,39,22,https://disease.sh/assets/img/flags/gr.png
Greenland,1773279069370,11971,0,21,0,2761,0,9189,4,210117,369,164926,2894810,56973,North America,5,2713,0,161286.93,48461.55,70.21,304,GL,GRL,72,-40,https://disease.sh/assets/img/flags/gl.png
Grenada,1773279069349,19693,0,238,0,19358,0,97,4,173545,2097,182981,1612523,113475,North America,6,477,1,854.81,170592.64,35.25,308,GD,GRD,12.1167,-61.6667,https://disease.sh/assets/img/flags/gd.png
Guadeloupe,1773279069281,203235,0,1021,0,0,0,202214,0,508349,2554,938039,2346306,399794,North America,2,392,0,505795.48,0,0,312,GP,GLP,16.25,-61.5833,https://disease.sh/assets/img/flags/gp.png
Guatemala,1773279069224,1291293,0,20289,0,1269891,0,1113,5,69484,1092,7593848,408622,18584039,North America,14,916,2,59.89,68332.35,0.27,320,GT,GTM,15.5,-90.25,https://disease.sh/assets/img/flags/gt.png
Guinea,1773279069328,38572,0,468,0,37757,0,347,0,2782,34,660107,47607,13865691,Africa,359,29628,21,25.03,2723.05,0,324,GN,GIN,11,-10,https://disease.sh/assets/img/flags/gn.png
Guinea-Bissau,1773279069377,9614,0,177,0,8929,0,508,6,4659,86,145231,70385,2063367,Africa,215,11657,14,246.2,4327.39,2.91,624,GW,GNB,12,-15,https://disease.sh/assets/img/flags/gw.png
Guyana,1773279069311,74137,0,1300,0,72013,0,824,0,93366,1637,733218,923396,794045,South America,11,611,1,1037.72,90691.33,0,328,GY,GUY,5,-59,https://disease.sh/assets/img/flags/gy.png
Haiti,1773279069331,34667,0,860,0,33734,0,73,0,2968,74,132422,11337,11680283,North America,337,13582,88,6.25,2888.11,0,332,HT,HTI,19,-72.4167,https://disease.sh/assets/img/flags/ht.png
Holy See (Vatican City State),1773279069407,29,0,0,0,29,0,0,0,36295,0,0,0,799,Europe,28,0,0,0,36295.37,0,336,VA,VAT,41.9,12.45,https://disease.sh/assets/img/flags/va.png
Honduras,1773279069256,474590,0,11165,0,0,0,463425,0,46432,1092,1660662,162472,10221247,North America,22,915,6,45339.38,0,0,340,HN,HND,15,-86.5,https://disease.sh/assets/img/flags/hn.png
Hong Kong,1773279069202,2937609,0,14924,0,2916005,0,6680,0,386309,1963,76127725,10011143,7604299,Asia,3,510,0,878.45,383467.96,0,344,HK,HKG,22.25,114.1667,https://disease.sh/assets/img/flags/hk.png
Hungary,1773279069208,2230232,0,49048,0,2152155,0,29029,0,232164,5106,11394556,1186160,9606259,Europe,4,196,1,3021.88,224036.75,0,348,HU,HUN,47,20,https://disease.sh/assets/img/flags/hu.png
Iceland,1773279069279,209906,0,229,0,0,0,209677,0,607731,663,1996384,5780036,345393,Europe,2,1508,0,607067.89,0,0,352,IS,ISL,65,-18,https://disease.sh/assets/img/flags/is.png
India,1773279069144,45035393,0,533570,0,0,0,44501823,0,32016,379,935879495,665334,1406631776,Asia,31,2636,2,31637.15,0,0,356,IN,IND,20,77,https://disease.sh/assets/img/flags/in.png
Indonesia,1773279069172,6829221,0,162063,0,6647104,0,20054,0,24466,581,114158919,408975,279134505,Asia,41,1722,2,71.84,23813.27,0,360,ID,IDN,-5,120,https://disease.sh/assets/img/flags/id.png
Iran,1773279069170,7627186,0,146811,0,0,0,7480375,0,88665,1707,57320267,666338,86022837,Asia,11,586,2,86958.01,0,0,364,IR,IRN,32,53,https://disease.sh/assets/img/flags/ir.png
Iraq,1773279069207,2465545,0,25375,0,2439497,0,673,0,58474,602,19544451,463523,42164965,Asia,17,1662,2,15.96,57856.02,0,368,IQ,IRQ,33,44,https://disease.sh/assets/img/flags/iq.png
Ireland,1773279069214,1734582,0,9491,0,1724921,0,170,19,345521,1891,13083449,2606161,5020199,Europe,3,529,0,33.86,343596.14,3.78,372,IE,IRL,53,-8,https://disease.sh/assets/img/flags/ie.png
Isle of Man,1773279069330,38008,0,116,0,0,0,37892,0,443335,1353,150753,1758422,85732,Europe,2,739,1,441981.99,0,0,833,IM,IMN,54.23,-4.55,https://disease.sh/assets/img/flags/im.png
Israel,1773279069187,4841772,0,12707,0,4798473,0,30592,0,519169,1363,41373364,4436346,9326000,Asia,2,734,0,3280.29,514526.38,0,376,IL,ISR,31.5,34.75,https://disease.sh/assets/img/flags/il.png
Italy,1773279069155,26723249,0,196487,0,26361218,0,165544,22,443445,3261,281126449,4665010,60262770,Europe,2,307,0,2747.04,437437.87,0.37,380,IT,ITA,42.8333,12.8333,https://disease.sh/assets/img/flags/it.png
Jamaica,1773279069292,156869,0,3756,0,0,0,153113,0,52551,1258,1183986,396633,2985094,North America,19,795,3,51292.52,0,0,388,JM,JAM,18.25,-77.5,https://disease.sh/assets/img/flags/jm.png
Japan,1773279069152,33803572,0,74694,0,0,0,33728878,0,269169,595,100414883,799578,125584838,Asia,4,1681,1,268574.44,0,0,392,JP,JPN,36,138,https://disease.sh/assets/img/flags/jp.png
Jordan,1773279069212,1746997,0,14122,0,1731007,0,1868,59,169597,1371,17201885,1669945,10300869,Asia,6,729,1,181.34,168044.75,5.73,400,JO,JOR,31,36,https://disease.sh/assets/img/flags/jo.png
Kazakhstan,1773279069218,1411831,0,13848,0,1383020,0,14963,24,73514,721,11575012,602707,19205043,Asia,14,1387,2,779.12,72013.38,1.25,398,KZ,KAZ,48,68,https://disease.sh/assets/img/flags/kz.png
Kenya,1773279069265,344130,0,5689,0,337309,0,1132,0,6122,101,3967062,70569,56215221,Africa,163,9881,14,20.14,6000.31,0,404,KE,KEN,1,38,https://disease.sh/assets/img/flags/ke.png
Kiribati,1773279069393,5085,0,24,0,2703,0,2358,3,41201,194,0,0,123419,Australia-Oceania,24,5142,0,19105.65,21901,24.31,296,KI,KIR,1.4167,173,https://disease.sh/assets/img/flags/ki.png
Kuwait,1773279069245,667158,0,2570,0,0,0,664588,0,152308,587,8455743,1930391,4380326,Asia,7,1704,1,151721.13,0,0,414,KW,KWT,29.3375,47.6581,https://disease.sh/assets/img/flags/kw.png
Kyrgyzstan,1773279069280,206897,0,2991,0,196406,0,7500,131,30750,445,1907195,283460,6728271,Asia,33,2250,4,1114.7,29191.15,19.47,417,KG,KGZ,41,75,https://disease.sh/assets/img/flags/kg.png
Lao People's Democratic Republic,1773279069278,218970,0,758,0,0,0,218212,0,29270,101,1233207,164845,7481023,Asia,34,9869,6,29168.74,0,0,418,LA,LAO,18,105,https://disease.sh/assets/img/flags/la.png
Latvia,1773279069237,982505,0,6715,0,971406,0,4384,0,531418,3632,7885792,4265272,1848837,Europe,2,275,0,2371.22,525414.63,0,428,LV,LVA,57,25,https://disease.sh/assets/img/flags/lv.png
Lebanon,1773279069226,1243838,0,10952,0,1087587,0,145299,74,186068,1638,4795578,717380,6684849,Asia,5,610,1,21735.57,162694.33,11.07,422,LB,LBN,33.8333,35.8333,https://disease.sh/assets/img/flags/lb.png
Lesotho,1773279069330,36138,0,723,0,25980,0,9435,0,16610,332,431221,198199,2175699,Africa,60,3009,5,4336.54,11940.99,0,426,LS,LSO,-29.5,28.5,https://disease.sh/assets/img/flags/ls.png
Liberia,1773279069381,8090,0,295,0,7783,0,12,2,1525,56,139824,26356,5305117,Africa,656,17983,38,2.26,1467.07,0.38,430,LR,LBR,6.5,-9.5,https://disease.sh/assets/img/flags/lr.png
Libyan Arab Jamahiriya,1773279069253,507274,0,6437,0,500835,0,2,0,72048,914,2483848,352782,7040745,Africa,14,1094,3,0.28,71133.81,0,434,LY,LBY,25,17,https://disease.sh/assets/img/flags/ly.png
Liechtenstein,1773279069348,21574,0,94,0,0,0,21480,0,562013,2449,112457,2929559,38387,Europe,2,408,0,559564.44,0,0,438,LI,LIE,47.1667,9.5333,https://disease.sh/assets/img/flags/li.png
Lithuania,1773279069218,1397806,0,9897,0,1387478,0,431,0,525154,3718,10540357,3959997,2661708,Europe,2,269,0,161.93,521273.56,0,440,LT,LTU,56,24,https://disease.sh/assets/img/flags/lt.png
Luxembourg,1773279069261,391232,0,1232,0,0,0,390000,0,609044,1918,4587145,7140959,642371,Europe,2,521,0,607125.79,0,0,442,LU,LUX,49.75,6.1667,https://disease.sh/assets/img/flags/lu.png
MS Zaandam,1773279069409,9,0,2,0,7,0,0,0,0,0,0,0,0,,0,0,0,0,0,0,,,,0,0,https://disease.sh/assets/img/flags/unknown.png
Macao,1773279069339,27673,0,123,0,3487,0,24063,0,41458,184,7850,11760,667490,Asia,24,5427,85,36049.98,5224.05,0,446,MO,MAC,22.1667,113.55,https://disease.sh/assets/img/flags/mo.png
Macedonia,1773279069262,350567,0,9976,0,337068,0,3523,0,168436,4793,2226216,1069626,2081304,Europe,6,209,1,1692.69,161950.39,0,807,MK,MKD,41.8333,22,https://disease.sh/assets/img/flags/mk.png
Madagascar,1773279069313,68486,0,1426,0,66862,0,198,0,2347,49,531329,18210,29178077,Africa,426,20461,55,6.79,2291.51,0,450,MG,MDG,-20,47,https://disease.sh/assets/img/flags/mg.png
Malawi,1773279069304,89535,0,2686,0,0,0,86849,0,4437,133,624784,30959,20180839,Africa,225,7513,32,4303.54,0,0,454,MW,MWI,-13.5,34,https://disease.sh/assets/img/flags/mw.png
Malaysia,1773279069184,5278406,0,37348,0,5233268,0,7790,11,159079,1126,68580916,2066869,33181072,Asia,6,888,0,234.77,157718.47,0.33,458,MY,MYS,2.5,112.5,https://disease.sh/assets/img/flags/my.png
Maldives,1773279069285,186694,0,316,0,163687,0,22691,25,345100,584,2213831,4092223,540985,Asia,3,1712,0,41943.86,302572.16,46.21,462,MV,MDV,3.25,73,https://disease.sh/assets/img/flags/mv.png
Mali,1773279069334,33164,0,743,0,32332,0,89,0,1544,35,804909,37483,21473764,Africa,648,28901,27,4.14,1505.65,0,466,ML,MLI,17,-4,https://disease.sh/assets/img/flags/ml.png
Malta,1773279069296,121420,0,885,0,120149,0,386,0,273448,1993,2170600,4888375,444033,Europe,4,502,0,869.3,270585.74,0,470,MT,MLT,35.8333,14.5833,https://disease.sh/assets/img/flags/mt.png
Marshall Islands,1773279069360,16138,0,17,0,16121,0,0,0,268711,283,0,0,60057,Australia-Oceania,4,3533,0,0,268428.33,0,584,MH,MHL,9,168,https://disease.sh/assets/img/flags/mh.png
Martinique,1773279069277,230354,0,1102,0,0,0,229252,0,615777,2946,828928,2215870,374087,North America,2,339,0,612830.71,0,0,474,MQ,MTQ,14.6667,-61,https://disease.sh/assets/img/flags/mq.png
Mauritania,1773279069316,63848,0,997,0,62471,0,380,0,13025,203,1009957,206030,4901981,Africa,77,4917,5,77.52,12744.03,0,478,MR,MRT,20,-12,https://disease.sh/assets/img/flags/mr.png
Mauritius,1773279069325,43025,0,1051,0,41278,0,696,0,33752,824,358675,281374,1274727,Africa,30,1213,4,546,32381.84,0,480,MU,MUS,-20.2833,57.55,https://disease.sh/assets/img/flags/mu.png
Mayotte,1773279069326,42027,0,188,0,0,0,41839,0,146815,657,176919,618038,286259,Africa,7,1523,2,146157.85,0,0,175,YT,MYT,-12.8333,45.1667,https://disease.sh/assets/img/flags/yt.png
Mexico,1773279069169,7702809,0,334958,0,6899865,0,467986,0,58549,2546,20013810,152124,131562772,North America,17,393,7,3557.13,52445.42,0,484,MX,MEX,23,-102,https://disease.sh/assets/img/flags/mx.png
Micronesia,1773279069342,26547,0,65,0,0,0,26482,0,225953,553,82430,701598,117489,Australia-Oceania,4,1808,1,225399.82,0,0,583,FM,FSM,6.9167,158.25,https://disease.sh/assets/img/flags/fm.png
Moldova,1773279069246,635145,0,12218,0,0,0,622927,0,158265,3044,3216305,801437,4013171,Europe,6,328,1,155220.65,0,0,498,MD,MDA,47,29,https://disease.sh/assets/img/flags/md.png
Monaco,1773279069356,17181,0,67,0,0,0,17114,0,431868,1684,78646,1976875,39783,Europe,2,594,1,430183.75,0,0,492,MC,MCO,43.7333,7.4,https://disease.sh/assets/img/flags/mc.png
Mongolia,1773279069235,1011496,0,2284,0,1009212,0,0,0,299429,676,4030048,1193000,3378078,Asia,3,1479,1,0,298753.31,0,496,MN,MNG,46,105,https://disease.sh/assets/img/flags/mn.png
Montenegro,1773279069269,296542,0,2846,0,291794,0,1902,0,472238,4532,2769281,4410034,627950,Europe,2,221,0,3028.9,464677.12,0,499,ME,MNE,42,19,https://disease.sh/assets/img/flags/me.png
Montserrat,1773279069402,1403,0,8,0,1376,0,19,0,282578,1611,17762,3577442,4965,North America,4,621,0,3826.79,277139.98,0,500,MS,MSR,16.75,-62.2,https://disease.sh/assets/img/flags/ms.png
Morocco,1773279069225,1278992,0,16303,0,0,0,1262689,0,33860,432,13001033,344191,37772756,Africa,30,2317,3,33428.56,0,0,504,MA,MAR,32,-5,https://disease.sh/assets/img/flags/ma.png
Mozambique,1773279069276,233731,0,2250,0,228805,0,2676,11,7064,68,1371127,41437,33089461,Africa,142,14706,24,80.87,6914.74,0.33,508,MZ,MOZ,-18.25,35,https://disease.sh/assets/img/flags/mz.png
Myanmar,1773279069246,641873,0,19495,0,620159,0,2219,0,11622,353,11711514,212061,55227143,Asia,86,2833,5,40.18,11229.24,0,104,MM,MMR,22,98,https://disease.sh/assets/img/flags/mm.png
N. Korea,1773279069188,4772813,0,74,0,4772739,0,0,0,183636,3,0,0,25990679,Asia,5,351225,0,0,183632.72,0,408,KP,PRK,40,127,https://disease.sh/assets/img/flags/kp.png
Namibia,1773279069288,172389,0,4106,0,167099,0,1184,0,65451,1559,1062663,403460,2633874,Africa,15,641,2,449.53,63442.29,0,516,NA,NAM,-22,17,https://disease.sh/assets/img/flags/na.png
Nauru,1773279069392,5393,0,1,0,5347,0,45,0,494635,92,20509,1881042,10903,Australia-Oceania,2,10903,1,4127.3,490415.48,0,520,NR,NRU,-0.5333,166.9167,https://disease.sh/assets/img/flags/nr.png
Nepal,1773279069235,1003450,0,12031,0,991322,0,97,0,33199,398,6047766,200088,30225582,Asia,30,2512,5,3.21,32797.45,0,524,NP,NPL,28,84,https://disease.sh/assets/img/flags/np.png
Netherlands,1773279069167,8635786,0,22992,0,8612599,0,195,0,501747,1336,25984435,1509718,17211447,Europe,2,749,1,11.33,500399.47,0,528,NL,NLD,52.5,5.75,https://disease.sh/assets/img/flags/nl.png
New Caledonia,1773279069308,80064,0,314,0,0,0,79750,0,275214,1079,98964,340182,290915,Australia-Oceania,4,926,3,274135.06,0,0,540,NC,NCL,-21.5,165.5,https://disease.sh/assets/img/flags/nc.png
New Zealand,1773279069204,2621111,0,5697,0,2613791,0,1623,0,535117,1163,7768604,1586011,4898203,Australia-Oceania,2,860,1,331.35,533622.43,0,554,NZ,NZL,-41,174,https://disease.sh/assets/img/flags/nz.png
Nicaragua,1773279069352,18491,0,225,0,4225,0,14041,0,2728,33,0,0,6779100,North America,367,30129,0,2071.22,623.24,0,558,NI,NIC,13,-85,https://disease.sh/assets/img/flags/ni.png
Niger,1773279069375,9931,0,312,0,8890,0,729,1,381,12,254538,9759,26083660,Africa,2626,83601,102,27.95,340.83,0.04,562,NE,NER,16,8,https://disease.sh/assets/img/flags/ne.png
Nigeria,1773279069271,267188,0,3155,0,259953,0,4080,11,1233,15,5708974,26339,216746934,Africa,811,68700,38,18.82,1199.34,0.05,566,NG,NGA,10,8,https://disease.sh/assets/img/flags/ng.png
Niue,1773279069403,1059,0,0,0,1056,0,3,0,652898,0,0,0,1622,Australia-Oceania,2,0,0,1849.57,651048.09,0,570,NU,NIU,-19.0333,-169.8667,https://disease.sh/assets/img/flags/nu.png
Norway,1773279069217,1509732,0,6638,0,1503094,0,0,0,273930,1204,11002430,1996315,5511370,Europe,4,830,1,0,272726.02,0,578,NO,NOR,62,10,https://disease.sh/assets/img/flags/no.png
Oman,1773279069260,399449,0,4628,0,0,0,394821,0,75028,869,25000000,4695724,5323993,Asia,13,1150,0,74158.81,0,0,512,OM,OMN,21,57,https://disease.sh/assets/img/flags/om.png
Pakistan,1773279069215,1581936,0,30664,0,1538689,0,12583,0,6893,134,30589153,133292,229488994,Asia,145,7484,8,54.83,6704.85,0,586,PK,PAK,30,70,https://disease.sh/assets/img/flags/pk.png
Palau,1773279069390,6290,0,10,0,6276,0,4,0,344979,548,71434,3917841,18233,Australia-Oceania,3,1823,0,219.38,344211.05,0,585,PW,PLW,7.5,134.5,https://disease.sh/assets/img/flags/pw.png
Palestine,1773279069248,621008,0,5404,0,615445,0,159,0,116173,1011,3078533,575907,5345541,Asia,9,989,2,29.74,115132.41,0,275,PS,PSE,32,35.25,https://disease.sh/assets/img/flags/ps.png
Panama,1773279069233,1059893,0,8727,0,1051102,0,64,16,238341,1962,7882622,1772585,4446964,North America,4,510,1,14.39,236363.96,3.6,591,PA,PAN,9,-80,https://disease.sh/assets/img/flags/pa.png
Papua New Guinea,1773279069322,46864,0,670,0,46168,0,26,0,5043,72,249149,26813,9292169,Australia-Oceania,198,13869,37,2.8,4968.48,0,598,PG,PNG,-6,147,https://disease.sh/assets/img/flags/pg.png
Paraguay,1773279069239,837602,0,20155,0,0,0,817447,0,114648,2759,2657506,363751,7305843,South America,9,362,3,111889.48,0,0,600,PY,PRY,-23,-58,https://disease.sh/assets/img/flags/py.png
Peru,1773279069192,4572667,0,222161,0,4350506,0,0,4,135751,6595,39010194,1158115,33684208,South America,7,152,1,0,129155.66,0.12,604,PE,PER,-10,-76,https://disease.sh/assets/img/flags/pe.png
Philippines,1773279069196,4140383,0,66864,0,4067381,0,6138,0,36800,594,36102746,320888,112508994,Asia,27,1683,3,54.56,36151.61,0,608,PH,PHL,13,122,https://disease.sh/assets/img/flags/ph.png
Poland,1773279069173,6661991,0,120598,0,0,0,6541393,0,176524,3196,39323709,1041970,37739785,Europe,6,313,1,173328.84,0,0,616,PL,POL,52,20,https://disease.sh/assets/img/flags/pl.png
Portugal,1773279069178,5643062,0,28126,0,5614809,0,127,61,556484,2774,46139518,4549993,10140570,Europe,2,361,0,12.52,553697.57,6.02,620,PT,PRT,39.5,-8,https://disease.sh/assets/img/flags/pt.png
Qatar,1773279069251,514524,0,690,0,513687,0,147,16,172664,232,4065369,1364257,2979915,Asia,6,4319,1,49.33,172383.1,5.37,634,QA,QAT,25.5,51.25,https://disease.sh/assets/img/flags/qa.png
Romania,1773279069198,3529735,0,68929,0,3460149,390,657,21,185470,3622,28758667,1511122,19031335,Europe,5,276,1,34.52,181813.26,1.1,642,RO,ROU,46,25,https://disease.sh/assets/img/flags/ro.png
Russia,1773279069157,24124215,0,402756,0,23545818,0,175641,0,165454,2762,273400000,1875095,145805947,Europe,6,362,1,1204.62,161487.36,0,643,RU,RUS,60,100,https://disease.sh/assets/img/flags/ru.png
Rwanda,1773279069294,133518,0,1468,0,132039,0,11,0,9817,108,6021981,442778,13600464,Africa,102,9265,2,0.81,9708.42,0,646,RW,RWA,-2,30,https://disease.sh/assets/img/flags/rw.png
Réunion,1773279069255,494595,0,921,0,0,0,493674,0,544672,1014,1603660,1766027,908061,Africa,2,986,1,543657.31,0,0,638,RE,REU,-21.1,55.6,https://disease.sh/assets/img/flags/re.png
S. Korea,1773279069150,34571873,0,35934,0,34535939,0,0,0,673523,700,15804065,307892,51329899,Asia,1,1428,3,0,672823.05,0,410,KR,KOR,37,127.5,https://disease.sh/assets/img/flags/kr.png
Saint Helena,1773279069399,2166,0,0,0,2,0,2164,0,354211,0,0,0,6115,Africa,3,0,0,353883.89,327.06,0,654,SH,SHN,-15.9333,-5.7,https://disease.sh/assets/img/flags/sh.png
Saint Kitts and Nevis,1773279069389,6607,0,48,0,6559,0,0,0,122645,891,126958,2356704,53871,North America,8,1122,0,0,121753.82,0,659,KN,KNA,17.3333,-62.75,https://disease.sh/assets/img/flags/kn.png
Saint Lucia,1773279069337,30215,0,410,0,29805,0,0,0,163225,2215,210983,1139752,185113,North America,6,451,1,0,161009.76,0,662,LC,LCA,13.8833,-61.1333,https://disease.sh/assets/img/flags/lc.png
Saint Martin,1773279069367,12324,0,63,0,0,0,12261,0,310194,1586,112382,2828643,39730,North America,3,631,0,308608.1,0,0,663,MF,MAF,18.11,-63.03,https://disease.sh/assets/img/flags/mf.png
Saint Pierre Miquelon,1773279069396,3452,0,2,0,2449,0,1001,0,599410,347,25400,4410488,5759,North America,2,2880,0,173814.9,425247.44,0,666,PM,SPM,46.8333,-56.3333,https://disease.sh/assets/img/flags/pm.png
Saint Vincent and the Grenadines,1773279069376,9674,0,124,0,9493,0,57,0,86723,1112,114197,1023720,111551,North America,12,900,1,510.98,85100.09,0,670,VC,VCT,13.25,-61.2,https://disease.sh/assets/img/flags/vc.png
Samoa,1773279069358,17006,0,31,0,1605,0,15370,0,84089,153,187397,926612,202239,Australia-Oceania,12,6524,1,75999.19,7936.15,0,882,WS,WSM,-13.5833,-172.3333,https://disease.sh/assets/img/flags/ws.png
San Marino,1773279069343,26185,0,128,0,26011,0,46,0,768226,3755,196855,5775414,34085,Europe,1,266,0,1349.57,763121.61,0,674,SM,SMR,43.7667,12.4167,https://disease.sh/assets/img/flags/sm.png
Sao Tome and Principe,1773279069386,6778,0,80,0,6685,0,13,0,29770,351,29600,130008,227679,Africa,34,2846,8,57.1,29361.51,0,678,ST,STP,1,7,https://disease.sh/assets/img/flags/st.png
Saudi Arabia,1773279069238,841469,0,9646,0,0,0,831823,0,23475,269,45481735,1268848,35844909,Asia,43,3716,1,23206.17,0,0,682,SA,SAU,25,45,https://disease.sh/assets/img/flags/sa.png
Senegal,1773279069305,89053,0,1971,0,87024,0,58,0,5044,112,1146543,64946,17653671,Africa,198,8957,15,3.29,4929.51,0,686,SN,SEN,14,-14,https://disease.sh/assets/img/flags/sn.png
Serbia,1773279069205,2615054,0,18057,0,2596608,0,389,0,302213,2087,13463733,1555958,8653016,Europe,3,479,1,44.96,300081.27,0,688,RS,SRB,44,21,https://disease.sh/assets/img/flags/rs.png
Seychelles,1773279069319,51220,0,172,0,51048,0,0,0,515157,1730,0,0,99426,Africa,2,578,0,0,513427.07,0,690,SC,SYC,-4.5833,55.6667,https://disease.sh/assets/img/flags/sc.png
Sierra Leone,1773279069382,7779,0,126,0,0,0,7653,0,937,15,259958,31296,8306436,Africa,1068,65924,32,921.33,0,0,694,SL,SLE,8.5,-11.5,https://disease.sh/assets/img/flags/sl.png
Singapore,1773279069200,3006155,0,2024,0,3004131,0,0,4,505785,341,24756666,4165302,5943546,Asia,2,2937,0,0,505444.22,0.67,702,SG,SGP,1.3667,103.8,https://disease.sh/assets/img/flags/sg.png
Sint Maarten,1773279069373,11051,0,92,0,10905,0,54,0,251353,2093,62056,1411454,43966,North America,4,478,1,1228.22,248032.57,0,534,SX,SXM,18.02,-63.06,https://disease.sh/assets/img/flags/sx.png
Slovakia,1773279069210,1877605,0,21224,0,1856381,0,0,23,343872,3887,7448789,1364199,5460193,Europe,3,257,1,0,339984.5,4.21,703,SK,SVK,48.6667,19.5,https://disease.sh/assets/img/flags/sk.png
Slovenia,1773279069221,1356546,0,7100,0,1349424,0,22,0,652803,3417,2847701,1370382,2078034,Europe,2,293,1,10.59,649375.32,0,705,SI,SVN,46,15,https://disease.sh/assets/img/flags/si.png
Solomon Islands,1773279069344,25954,0,199,0,0,0,25755,0,35989,276,0,0,721159,Australia-Oceania,28,3624,0,35713.34,0,0,90,SB,SLB,-8,159,https://disease.sh/assets/img/flags/sb.png
Somalia,1773279069340,27334,0,1361,0,13182,0,12791,0,1623,81,400466,23778,16841795,Africa,616,12375,42,759.48,782.7,0,706,SO,SOM,10,49,https://disease.sh/assets/img/flags/so.png
South Africa,1773279069197,4076463,0,102595,0,3912506,0,61362,192,67095,1689,26795090,441027,60756135,Africa,15,592,2,1009.97,64396.89,3.16,710,ZA,ZAF,-29,24,https://disease.sh/assets/img/flags/za.png
South Sudan,1773279069351,18819,0,147,0,18115,0,557,1,1620,13,410280,35313,11618511,Africa,617,79037,28,47.94,1559.15,0.09,728,SS,SSD,6.8769,31.3069,https://disease.sh/assets/img/flags/ss.png
Spain,1773279069160,13914811,0,121760,0,13762417,0,30634,231,297840,2606,471036328,10082298,46719142,Europe,3,384,0,655.71,294577.69,4.94,724,ES,ESP,40,-4,https://disease.sh/assets/img/flags/es.png
Sri Lanka,1773279069244,672754,0,16897,0,655852,0,5,0,31181,783,6486117,300619,21575842,Asia,32,1277,3,0.23,30397.52,0,144,LK,LKA,7,81,https://disease.sh/assets/img/flags/lk.png
St. Barth,1773279069391,5507,0,6,0,0,0,5501,0,553746,603,78646,7908095,9945,North America,2,1658,0,553142.28,0,0,652,BL,BLM,17.89,-62.82,https://disease.sh/assets/img/flags/bl.png
Sudan,1773279069315,63993,0,5046,0,58947,0,0,0,1391,110,562941,12240,45992020,Africa,719,9115,82,0,1281.68,0,729,SD,SDN,15,30,https://disease.sh/assets/img/flags/sd.png
Suriname,1773279069307,82588,0,1408,0,0,0,81180,0,138378,2359,242207,405822,596831,South America,7,424,2,136018.4,0,0,740,SR,SUR,4,-56,https://disease.sh/assets/img/flags/sr.png
Swaziland,1773279069310,75191,0,1427,0,73116,0,648,0,63462,1204,1048704,885119,1184817,Africa,16,830,1,546.92,61710.8,0,748,SZ,SWZ,-26.5,31.5,https://disease.sh/assets/img/flags/sz.png
Sweden,1773279069203,2754129,0,27407,0,2726492,20,230,0,269511,2682,19500873,1908301,10218971,Europe,4,373,1,22.51,266806.9,0,752,SE,SWE,62,15,https://disease.sh/assets/img/flags/se.png
Switzerland,1773279069194,4453053,0,14452,0,4438309,0,292,0,507549,1647,23833472,2716487,8773637,Europe,2,607,0,33.28,505868.77,0,756,CH,CHE,47,8,https://disease.sh/assets/img/flags/ch.png
Syrian Arab Republic,1773279069317,57743,0,3165,0,54578,0,0,0,2982,163,146269,7553,19364809,Asia,335,6118,132,0,2818.41,0,760,SY,SYR,35,38,https://disease.sh/assets/img/flags/sy.png
Taiwan,1773279069164,10241523,0,19005,0,10222518,0,0,0,428720,796,30742304,1286903,23888595,Asia,2,1257,1,0,427924.62,0,158,TW,TWN,23.5,121,https://disease.sh/assets/img/flags/tw.png
Tajikistan,1773279069354,17786,0,125,0,17264,0,397,0,1786,13,0,0,9957464,Asia,560,79660,0,39.87,1733.77,0,762,TJ,TJK,39,71,https://disease.sh/assets/img/flags/tj.png
Tanzania,1773279069324,43223,0,846,0,0,0,42377,0,683,13,0,0,63298550,Africa,1464,74821,0,669.48,0,0,834,TZ,TZA,-6,35,https://disease.sh/assets/img/flags/tz.png
Thailand,1773279069190,4770149,0,34586,0,4692636,0,42927,0,68069,494,17273454,246488,70078203,Asia,15,2026,4,612.56,66962.85,0,764,TH,THA,15,100,https://disease.sh/assets/img/flags/th.png
Timor-Leste,1773279069345,23460,0,138,0,23102,0,220,0,17131,101,278529,203391,1369429,Asia,58,9923,5,160.65,16869.8,0,626,TL,TLS,-8.55,125.5167,https://disease.sh/assets/img/flags/tl.png
Togo,1773279069327,39572,0,290,0,39281,0,1,0,4559,33,815204,93908,8680837,Africa,219,29934,11,0.12,4525.02,0,768,TG,TGO,8,1.1667,https://disease.sh/assets/img/flags/tg.png
Tokelau,1773279069406,80,0,0,0,0,0,80,0,58055,0,0,0,1378,Australia-Oceania,17,0,0,58055.15,0,0,772,TK,TKL,-9,-172,https://disease.sh/assets/img/flags/tk.png
Tonga,1773279069359,16950,0,13,0,15638,0,1299,0,157310,121,535009,4965327,107749,Australia-Oceania,6,8288,0,12055.8,145133.6,0,776,TO,TON,-20,-175,https://disease.sh/assets/img/flags/to.png
Trinidad and Tobago,1773279069284,191496,0,4390,0,187078,0,28,0,136143,3121,913289,649295,1406585,North America,7,320,2,19.91,133001.56,0,780,TT,TTO,11,-61,https://disease.sh/assets/img/flags/tt.png
Tunisia,1773279069229,1153361,0,29423,0,0,0,1123938,0,95741,2442,5013383,416164,12046656,Africa,10,409,2,93298.75,0,0,788,TN,TUN,34,9,https://disease.sh/assets/img/flags/tn.png
Turkey,1773279069159,17232066,0,102174,0,0,0,17129892,0,201399,1194,162743369,1902052,85561976,Asia,5,837,1,200204.49,0,0,792,TR,TUR,39,35,https://disease.sh/assets/img/flags/tr.png
Turks and Caicos Islands,1773279069387,6752,0,40,0,6709,0,3,4,169900,1007,616788,15520193,39741,North America,6,994,0,75.49,168818.1,100.65,796,TC,TCA,21.75,-71.5833,https://disease.sh/assets/img/flags/tc.png
Tuvalu,1773279069397,2943,0,1,0,0,0,2942,0,243909,83,0,0,12066,Australia-Oceania,4,12066,0,243825.63,0,0,798,TV,TUV,-8,178,https://disease.sh/assets/img/flags/tv.png
UAE,1773279069232,1067030,0,2349,0,0,0,1064681,0,105837,233,200732262,19910389,10081785,Asia,9,4292,0,105604.41,0,0,784,AE,ARE,24,54,https://disease.sh/assets/img/flags/ae.png
UK,1773279069156,24910387,0,232112,0,24678275,0,0,0,363666,3389,522526476,7628357,68497907,Europe,3,295,0,0,360277.8,0,826,GB,GBR,54,-2,https://disease.sh/assets/img/flags/gb.png
USA,1773279069142,111820082,0,1219487,0,109814428,0,786167,940,333985,3642,1186851502,3544901,334805269,North America,3,275,0,2348.13,327994.92,2.81,840,US,USA,38,-97,https://disease.sh/assets/img/flags/us.png
Uganda,1773279069289,172149,0,3632,0,100431,0,68086,0,3554,75,3012408,62198,48432863,Africa,281,13335,16,1405.78,2073.61,0,800,UG,UGA,1,32,https://disease.sh/assets/img/flags/ug.png
Ukraine,1773279069180,5557995,0,112418,0,5445577,0,0,0,128681,2603,32603805,754855,43192122,Europe,8,384,1,0,126078.01,0,804,UA,UKR,49,32,https://disease.sh/assets/img/flags/ua.png
Uruguay,1773279069234,1041111,0,7664,0,1030944,0,2503,18,297799,2192,6114822,1749083,3496016,South America,3,456,1,715.96,294891.1,5.15,858,UY,URY,-33,-56,https://disease.sh/assets/img/flags/uy.png
Uzbekistan,1773279069273,253662,0,1637,0,241486,0,10539,23,7378,48,1377915,40077,34382084,Asia,136,21003,25,306.53,7023.6,0.67,860,UZ,UZB,41,64,https://disease.sh/assets/img/flags/uz.png
Vanuatu,1773279069368,12019,0,14,0,11976,0,29,0,37346,44,24976,77606,321832,Australia-Oceania,27,22988,13,90.11,37211.96,0,548,VU,VUT,-16,167,https://disease.sh/assets/img/flags/vu.png
Venezuela,1773279069249,552695,0,5856,0,546537,0,302,31,18885,200,3359014,114771,29266991,South America,53,4998,9,10.32,18674.18,1.06,862,VE,VEN,8,-66,https://disease.sh/assets/img/flags/ve.png
Vietnam,1773279069162,11625195,0,43206,0,10640971,0,941018,0,117481,437,85826548,867342,98953541,Asia,9,2290,1,9509.7,107535.02,0,704,VN,VNM,21,105.8,https://disease.sh/assets/img/flags/vn.png
Wallis and Futuna,1773279069394,3550,0,8,0,438,0,3104,0,323256,728,20508,1867419,10982,Australia-Oceania,3,1373,1,282644.33,39883.45,0,876,WF,WLF,-13.3,-176.2,https://disease.sh/assets/img/flags/wf.png
Western Sahara,1773279069408,10,0,1,0,9,0,0,0,16,2,0,0,626161,Africa,62616,626161,0,0,14.37,0,732,EH,ESH,24.5,-13,https://disease.sh/assets/img/flags/eh.png
Yemen,1773279069371,11945,0,2159,0,9124,0,662,0,383,69,329592,10579,31154867,Asia,2608,14430,95,21.25,292.86,0,887,YE,YEM,15,48,https://disease.sh/assets/img/flags/ye.png
Zambia,1773279069264,349304,0,4069,0,341316,0,3919,0,17940,209,4112961,211244,19470234,Africa,56,4785,5,201.28,17530.14,0,894,ZM,ZMB,-15,30,https://disease.sh/assets/img/flags/zm.png
Zimbabwe,1773279069272,266359,0,5740,0,258888,0,1731,12,17373,374,2525756,164744,15331428,Africa,58,2671,6,112.91,16886.1,0.78,716,ZW,ZWE,-20,30,https://disease.sh/assets/img/flags/zw.png
